Column1,ID,Title,Year,Age,IMDb,Rotten Tomatoes,Netflix,Hulu,Prime Video,Disney+,Type,Directors,Genres,Country,Language,Runtime
138,139,Bo Burnham: Inside,2021,18+,8.8,81,1,0,0,0,0,Bo Burnham,Comedy,Drama,Music,United States,English,870
287,288,The Dig,2021,13+,7.1,75,1,0,0,0,0,Simon Stone,Biography,Drama,History,United Kingdom,English,1120
305,306,Army of the Dead,2021,18+,5.8,75,1,0,0,0,0,Zack Snyder,Action,Crime,Horror,Sci-Fi,Thriller,United States,English,Spanish,German,French,1480
313,314,The White Tiger,2021,18+,7.1,75,1,0,0,0,0,Ramin Bahrani,Crime,Drama,India,United States,Hindi,English,1250
322,323,I Care a Lot,2021,18+,6.3,74,1,0,0,0,0,J Blakeson,Comedy,Crime,Thriller,United States,United Kingdom,English,1180
364,365,Wish Dragon,2021,7+,7.2,73,1,0,0,0,0,Chris Appelhans,Animation,Adventure,Comedy,Family,Fantasy,China,United States,Canada,English,980
376,377,The Mitchells vs. The Machines,2021,7+,7.7,73,1,0,0,0,0,,Comedy,Talk-Show,United Kingdom,United States,Canada,English,1380
385,386,Fear Street Part Two: 1978,2021,18+,6.8,73,1,0,0,0,0,Leigh Janiak,Drama,Horror,Mystery,United States,Canada,English,1090
387,388,Gunpowder Milkshake,2021,18+,6.0,73,1,0,0,0,0,Navot Papushado,Action,Adventure,Thriller,France,Germany,United States,English,Russian,1140
442,443,The Ice Road,2021,13+,5.6,72,1,0,0,0,0,Jonathan Hensleigh,Action,Adventure,Drama,Thriller,United States,English,1090
507,508,Fear Street: 1666,2021,18+,6.7,70,1,0,0,0,0,Leigh Janiak,Horror,Mystery,United States,Canada,English,1140
563,564,Fear Street: 1994,2021,,6.2,69,1,0,0,0,0,Leigh Janiak,Drama,Horror,Mystery,United States,Canada,English,1070
567,568,Outside the Wire,2021,18+,5.4,69,1,0,0,0,0,Mikael H†fstr”m,Action,Adventure,Fantasy,Sci-Fi,Hungary,United States,English,Ukrainian,Russian,1140
580,581,Trollhunters: Rise of the Titans,2021,7+,7.0,69,1,0,0,0,0,Johane Matte,Francisco Ruiz-Velasco,Andrew L. Schmidt,Animation,Action,Adventure,Comedy,Drama,Family,Fantasy,United States,Mexico,English,1040
600,601,Fatherhood,2021,13+,6.7,69,1,0,0,0,0,Paul Weitz,Comedy,Drama,United States,English,1090
648,649,Rurouni Kenshin: The Final,2021,,7.2,67,1,0,0,0,0,Keishi Ohtomo,Action,Adventure,Drama,Japan,Japanese,1380
655,656,Major Grom: Plague Doctor,2021,,6.3,67,1,0,0,0,0,Oleg Trofim,Action,Adventure,Russia,Russian,1360
657,658,Seaspiracy,2021,18+,8.2,67,1,0,0,0,0,Ali Tabrizi,Documentary,Adventure,United States,English,890
659,660,Moxie,2021,13+,6.7,67,1,0,0,0,0,Amy Poehler,Comedy,Drama,Music,United States,English,1110
661,662,Oxygen,2021,18+,6.5,67,1,0,0,0,0,Alexandre Aja,Drama,Fantasy,Sci-Fi,Thriller,France,United States,French,1000
672,673,Penguin Bloom,2021,13+,6.8,67,1,0,0,0,0,Glendyn Ivin,Drama,Australia,United States,English,950
683,684,Stowaway,2021,18+,5.6,67,1,0,0,0,0,Joe Penna,Drama,Sci-Fi,Thriller,Germany,United States,English,1160
689,690,Kingdom: Ashin of the North,2021,18+,7.1,67,1,0,0,0,0,Seong-hun Kim,Action,Drama,History,Horror,Thriller,South Korea,Korean,920
692,693,Blue Miracle,2021,7+,6.7,67,1,0,0,0,0,Julio Quintana,Adventure,Biography,Drama,Family,United States,English,950
705,706,The Woman in the Window,2021,18+,5.7,67,1,0,0,0,0,Joe Wright,Crime,Drama,Mystery,Thriller,United States,English,1000
722,723,Good on Paper,2021,18+,5.6,66,1,0,0,0,0,Kimmy Gatewood,Comedy,Romance,United States,English,920
733,734,Yes Day,2021,7+,5.7,66,1,0,0,0,0,Miguel Arteta,Comedy,Family,United States,English,Spanish,860
734,735,Blood Red Sky,2021,18+,6.1,66,1,0,0,0,0,Peter Thorwarth,Action,Horror,Thriller,Germany,United States,German,English,Arabic,1210
741,742,Ferry,2021,18+,7.0,66,1,0,0,0,0,Cecilia Verheyden,Action,Crime,Drama,Thriller,Belgium,Netherlands,Flemish,Dutch,1060
748,749,The Last Letter From Your Lover,2021,18+,6.8,66,1,0,0,0,0,Augustine Frizzell,Drama,Romance,United Kingdom,France,English,1100
775,776,Haseen Dillruba,2021,18+,6.9,65,1,0,0,0,0,Vinil Mathew,Crime,Drama,Mystery,Romance,Thriller,India,Hindi,1350
806,807,Xtreme,2021,18+,5.8,65,1,0,0,0,0,Daniel Benmayor,Action,Crime,Drama,Thriller,Spain,Spanish,1110
810,811,To All the Boys: Always and Forever,2021,,6.3,65,1,0,0,0,0,Michael Fimognari,Comedy,Drama,Romance,United States,English,1090
811,812,Breaking Boundaries: The Science of Our Planet,2021,7+,7.8,65,1,0,0,0,0,Jon Clay,Documentary,United States,English,730
825,826,Thunder Force,2021,13+,4.4,65,1,0,0,0,0,Ben Falcone,Action,Adventure,Comedy,Fantasy,Sci-Fi,United States,English,1060
828,829,Space Sweepers,2021,,6.6,65,1,0,0,0,0,Sung-hee Jo,Action,Adventure,Drama,Fantasy,Sci-Fi,South Korea,Korean,English,Spanish,Danish,French,German,Russian,Chinese,Arabic,Filipino,Mandarin,1360
877,878,Mimi,2021,,8.4,64,1,0,0,0,0,Laxman Utekar,Comedy,Drama,India,Hindi,1320
901,902,Below Zero,2021,18+,6.2,64,1,0,0,0,0,Llu¡s Qu¡lez,Action,Adventure,Crime,Drama,Thriller,Spain,Spanish,1060
958,959,I Am All Girls,2021,18+,5.8,63,1,0,0,0,0,Donovan Marsh,Crime,Drama,Mystery,Thriller,South Africa,English,1070
959,960,Jagame Thandhiram,2021,18+,6.0,63,1,0,0,0,0,Karthik Subbaraj,Action,Crime,Drama,Thriller,United Kingdom,India,Tamil,Telugu,1580
963,964,Awake,2021,,4.8,63,1,0,1,0,0,Mark Raso,Action,Adventure,Drama,Sci-Fi,Thriller,United States,English,Greek,Spanish,960
965,966,Malcolm & Marie,2021,18+,6.7,63,1,0,0,0,0,Sam Levinson,Drama,Romance,United States,English,1060
982,983,America: The Motion Picture,2021,,5.7,63,1,0,0,0,0,Matt Thompson,Animation,Action,Adventure,Comedy,History,Sci-Fi,United States,English,980
993,994,Finding 'Ohana,2021,7+,6.1,62,1,0,0,0,0,Jude Weng,Action,Adventure,Comedy,Family,United States,English,Hawaiian,Spanish,1230
1010,1011,Pel‚,2021,13+,7.0,62,1,0,0,0,0,Jeff Zimbalist,Michael Zimbalist,Biography,Drama,Sport,United States,English,Portuguese,Swedish,1070
1031,1032,How I Became a Superhero,2021,,5.8,62,1,0,0,0,0,Douglas Attal,Action,Adventure,Comedy,Drama,Fantasy,Thriller,France,Belgium,French,970
1052,1053,Secret Magic Control Agency,2021,7+,6.2,62,1,0,0,0,0,Aleksey Tsitsilin,Animation,Adventure,Comedy,Family,Fantasy,Russia,United States,English,1030
1057,1058,Nayattu,2021,18+,8.2,61,1,0,0,0,0,Martin Prakkat,Thriller,India,Malayalam,1240
1085,1086,Mandela,2021,16+,8.5,61,1,0,0,0,0,Madonne Ashwin,Comedy,Drama,India,Tamil,1400
1091,1092,The Seventh Day,2021,18+,4.4,61,1,0,0,0,0,Justin P. Lange,Horror,Mystery,United States,English,870
1100,1101,Things Heard & Seen,2021,18+,5.3,61,1,0,0,0,0,Shari Springer Berman,Robert Pulcini,Drama,Horror,Mystery,Thriller,United States,English,1210
1115,1116,Monster,2021,18+,6.5,61,1,0,1,0,0,Patty Jenkins,Biography,Crime,Drama,Thriller,United States,Germany,English,1090
1125,1126,Red Dot,2021,18+,5.5,61,1,0,0,0,0,Alain Darborg,Drama,Horror,Thriller,Sweden,Swedish,English,860
1129,1130,Skater Girl,2021,7+,6.7,61,1,0,0,0,0,Manjari Makijany,Drama,Family,Sport,United States,India,English,Hindi,1070
1132,1133,Murder by the Coast,2021,18+,6.5,60,1,0,0,0,0,T…nia Ball¢,Documentary,Crime,History,Mystery,Spain,Spanish,English,880
1134,1135,Crack: Cocaine, Corruption & Conspiracy,2021,18+,6.7,60,1,0,0,0,0,Stanley Nelson,Documentary,Crime,History,United States,English,890
1140,1141,Nail Bomber: Manhunt,2021,18+,6.3,60,1,0,0,0,0,Daniel Vernon,Documentary,Crime,History,United Kingdom,English,720
1190,1191,Paper Lives,2021,,6.7,60,1,0,0,0,0,Can Ulkay,Drama,Turkey,Turkish,960
1192,1193,Biggie: I Got a Story to Tell,2021,18+,6.9,60,1,0,0,0,0,Emmett Malloy,Documentary,Biography,Music,United States,English,970
1208,1209,Security,2021,,4.9,60,1,0,0,0,0,Peter Chelsom,Thriller,Italy,Italian,1180
1213,1214,Cinema Bandi,2021,all,8.0,60,1,0,0,0,0,Praveen Kandregula,Comedy,Drama,India,Telugu,980
1253,1254,The 8th Night,2021,18+,5.4,59,1,0,0,0,0,Kim Tae-hyung,Horror,Thriller,South Korea,Korean,1150
1255,1256,The Soul,2021,16+,6.6,59,1,0,0,0,0,Wei-Hao Cheng,Drama,Mystery,Sci-Fi,Thriller,China,Taiwan,Chinese,English,Mandarin,Min Nan,1300
1315,1316,The Guide to the Perfect Family,2021,,6.3,59,1,0,0,0,0,Ricardo Trogi,Comedy,Drama,Canada,French,1020
1317,1318,Nate Bargatze: The Greatest Average American,2021,all,7.3,59,1,0,0,0,0,Troy Miller,Comedy,United States,English,600
1318,1319,Pagglait,2021,16+,6.9,59,1,0,0,0,0,Umesh Bist,Comedy,Drama,India,Hindi,1140
1320,1321,Operation Varsity Blues: The College Admissions Scandal,2021,18+,7.0,59,1,0,0,0,0,Chris Smith,Documentary,Crime,Drama,United States,English,990
1346,1347,Ali & Ratu Ratu Queens,2021,16+,7.1,58,1,0,0,0,0,Lucky Kuswandi,Comedy,Drama,Indonesia,Indonesian,1000
1357,1358,Last Summer,2021,,6.4,58,1,0,0,0,0,,Drama,Mystery,Thriller,United States,English,450
1360,1361,The House of Flowers: The Movie,2021,18+,5.5,58,1,0,0,0,0,Manolo Caro,Comedy,Drama,Mexico,Spanish,860
1362,1363,Red,2021,16+,6.6,58,1,0,0,0,0,Domee Shi,Animation,Adventure,Comedy,Family,Fantasy,United States,Canada,English,
1370,1371,Crazy About Her,2021,18+,6.6,58,1,0,0,0,0,Dani de la Orden,Comedy,Romance,Spain,Spanish,1020
1382,1383,New Gods: Nezha Reborn,2021,13+,6.9,58,1,0,0,0,0,Ji Zhao,Animation,Action,Fantasy,China,Mandarin,1180
1383,1384,Why Did You Kill Me?,2021,18+,5.6,58,1,0,0,0,0,Fredrick Munk,Documentary,Crime,United States,Spanish,English,830
1396,1397,Ashin of the North,2021,18+,8.2,58,1,0,0,0,0,Seong-hun Kim,Action,Drama,History,Horror,Thriller,South Korea,Korean,920
1408,1409,Sweet & Sour,2021,,6.8,58,1,0,0,0,0,Kae-Byeok Lee,Comedy,Romance,South Korea,Korean,1010
1413,1414,99 Songs,2021,,7.2,58,1,0,0,0,0,Vishwesh Krishnamoorthy,Musical,Romance,India,Hindi,Tamil,Telugu,1280
1427,1428,Mobile Suit Gundam: Hathaway,2021,,6.8,57,1,0,0,0,0,Sh–k“ Murase,Animation,Action,Drama,Romance,Sci-Fi,Japan,Japanese,950
1446,1447,Get the Goat,2021,13+,6.2,57,1,0,0,0,0,Vitor Brandt,Action,Comedy,Crime,Brazil,Portuguese,970
1459,1460,Sentinelle,2021,,4.7,57,1,0,0,0,0,Julien Leclercq,Action,Crime,Drama,Thriller,France,French,Arabic,Russian,800
1506,1507,A Classic Horror Story,2021,18+,5.7,57,1,0,0,0,0,Roberto De Feo,Paolo Strippoli,Drama,Horror,Mystery,Thriller,Italy,Italian,English,950
1514,1515,Ajeeb Daastaans,2021,,6.7,57,1,0,0,0,0,Neeraj Ghaywan,Kayoze Irani,Shashank Khaitan,Raj Mehta,Drama,Romance,India,Hindi,1420
1520,1521,The Devil Below,2021,18+,4.2,57,1,0,0,0,0,Bradley Parker,Horror,Thriller,United States,,880
1548,1549,A Week Away,2021,18+,5.8,56,1,0,0,0,0,Roman White,Drama,Family,Musical,United States,English,940
1564,1565,A Family,2021,,7.0,56,1,0,0,0,0,Michihito Fujii,Crime,Drama,Japan,Japanese,1360
1566,1567,Cosmic Sin,2021,18+,2.5,56,1,0,0,0,0,Edward Drake,Action,Adventure,Sci-Fi,United States,English,880
1571,1572,Pretty Guardians Sailor Moon Eternal The MOVIE - Part 1,2021,,7.1,56,1,0,0,0,0,,,,,
1574,1575,Cousins,2021,18+,7.0,56,1,0,0,0,0,Ainsley Gardiner,Briar Grace Smith,Drama,New Zealand,English,Maori,980
1588,1589,Words Bubble Up Like Soda Pop,2021,,7.0,56,1,0,0,0,0,Kyohei Ishiguro,Animation,Drama,Romance,Japan,Japanese,870
1589,1590,Dynasty Warriors,2021,,4.8,56,1,0,0,0,0,Roy Hin Yeung Chow,Action,Adventure,Fantasy,Hong Kong SAR China,China,Japan,Cantonese,Mandarin,1190
1606,1607,This Little Love of Mine,2021,all,5.3,56,1,0,0,0,0,Christine Luby,Romance,Australia,English,910
1619,1620,The Minimalists: Less Is Now,2021,,5.9,56,1,0,0,0,0,Matt D'Avella,Documentary,United States,English,530
1623,1624,Deep,2021,18+,4.9,56,1,0,0,0,0,Sita Likitvanichkul,Jetarin Ratanaserikiat,Apirak Samudkidpisan,Thanabodee Uawithya,Adirek Wattaleela,Drama,Mystery,Sci-Fi,Thriller,Thailand,Thai,1010
1624,1625,Biking Borders - eine etwas andere Reise,2021,,7.9,56,1,0,0,0,0,Max Jabs,Documentary,Germany,German,900
1625,1626,Ghost Lab,2021,18+,5.2,56,1,0,0,0,0,Paween Purijitpanya,Drama,Horror,Thriller,Thailand,Thai,1170
1630,1631,A Perfect Fit,2021,,5.3,56,1,0,0,0,0,Hadrah Daeng Ratu,Comedy,Drama,Romance,Indonesia,Indonesian,1120
1649,1650,Prime Time,2021,18+,5.3,55,1,0,0,0,0,Jakub Piatek,Drama,Thriller,Poland,Polish,930
1663,1664,Baggio: The Divine Ponytail,2021,16+,6.1,55,1,0,0,0,0,Letizia Lamartire,Biography,Drama,Sport,Italy,Italian,910
1686,1687,The Girl on the Train,2021,18+,4.4,55,1,0,0,0,0,Tate Taylor,Crime,Drama,Mystery,Thriller,United States,India,English,Spanish,1120
1695,1696,Rurouni Kenshin: The Beginning,2021,,8.0,55,1,0,0,0,0,Keishi Ohtomo,Action,Adventure,Drama,Japan,Japanese,1370
1696,1697,One,2021,,6.6,55,1,0,0,0,0,Malgorzata Szumowska,Drama,France,Poland,Germany,French,English,Polish,990
1706,1707,Dancing Queens,2021,,5.5,55,1,0,0,0,0,Helena Bergstr”m,Comedy,Drama,Sweden,Swedish,English,1100
1737,1738,Madame Claude,2021,18+,5.4,55,1,0,0,0,0,Sylvie Verheyde,Biography,Crime,Drama,Romance,France,French,1120
1743,1744,Have You Ever Seen Fireflies?,2021,16+,6.2,55,1,0,0,0,0,Anda‡ Haznedaroglu,Comedy,Drama,Turkey,Turkish,1130
1777,1778,In Our Mothers' Gardens,2021,,8.9,54,1,0,0,0,0,Shantrelle P. Lewis,Documentary,United States,English,
1788,1789,Caught by a Wave,2021,16+,5.8,54,1,0,0,0,0,Massimiliano Camaiti,Drama,Romance,Sport,Italy,Italian,990
1819,1820,Irul,2021,,5.8,54,1,0,0,0,0,Naseef Yusuf Izuddin,Mystery,Thriller,India,Malayalam,910
1825,1826,H‚roes. Silencio y Rock & Roll,2021,,7.5,54,1,0,0,0,0,Alexis Morante,Documentary,Spain,Spanish,940
1829,1830,My Amanda,2021,,5.8,54,1,0,0,0,0,Alessandra de Rossi,Drama,Romance,Philippines,Filipino,890
1842,1843,Accomplice,2021,,7.3,53,1,0,0,0,0,Dong-Suk Kuk,Drama,Thriller,South Korea,Korean,950
1845,1846,Homunculus,2021,,5.6,53,1,0,0,0,0,Takashi Shimizu,Drama,Fantasy,Mystery,Thriller,Japan,Japanese,1150
1860,1861,Tony Parker: The Final Shot,2021,,6.7,53,1,0,0,0,0,Florent Bodin,Documentary,Biography,Sport,France,French,980
1885,1886,Stuck Apart,2021,,6.0,53,1,0,0,0,0,Durul Taylan,Yagmur Taylan,Comedy,Drama,Turkey,Turkish,960
1897,1898,Wild Dog,2021,18+,6.3,53,1,0,0,0,0,Ahishor Solomon,Action,Adventure,Crime,Thriller,India,Telugu,1450
1948,1949,The Yinyang Master,2021,,6.4,52,1,0,0,0,0,Weiran Li,Action,Adventure,Drama,Fantasy,Romance,China,Chinese,1130
1950,1951,Uppena,2021,,6.8,52,1,0,0,0,0,Buchi Babu Sana,Action,Drama,Romance,India,Telugu,1470
1962,1963,Carnaval,2021,,3.9,52,1,0,0,0,0,Leandro Neri,Comedy,Brazil,Portuguese,940
1982,1983,Arlo the Alligator Boy,2021,7+,6.7,52,1,0,0,0,0,Ryan Crego,Animation,Adventure,Comedy,Family,Musical,United States,English,900
1988,1989,Ride or Die,2021,18+,5.4,52,1,0,0,0,0,Ryuichi Hiroki,Drama,Romance,Thriller,Japan,Japanese,1420
1992,1993,Super Me,2021,,5.9,52,1,0,0,0,0,Zhang Chong,Drama,Fantasy,Mystery,Sci-Fi,China,Chinese,1020
2014,2015,Creating an Army of the Dead,2021,18+,,52,1,0,0,0,0,,,,,
2016,2017,Just Say Yes,2021,,4.5,52,1,0,0,0,0,Appie Boudellah,Aram van de Rest,Comedy,Romance,Netherlands,Dutch,970
2033,2034,Wish You,2021,,6.5,51,1,0,0,0,0,Do Joon Sung,Drama,Music,Romance,South Korea,Korean,English,1020
2068,2069,Hate by Dani Rovira,2021,,6.7,51,1,0,0,0,0,Mario Briongos,Comedy,Spain,Spanish,820
2072,2073,Squared Love,2021,13+,5.0,51,1,0,0,0,0,Filip Zylber,Comedy,Romance,Poland,Polish,1020
2078,2079,Private Network: Who Killed Manuel Buendia,2021,,6.8,51,1,0,0,0,0,Manuel Alcal ,Documentary,Crime,Mystery,Mexico,Spanish,1000
2090,2091,Brian Regan: On the Rocks,2021,,6.9,51,1,0,0,0,0,Troy Miller,Comedy,United States,English,580
2094,2095,7 Yards: The Chris Norton Story,2021,,8.9,51,1,0,0,0,0,Jonathon Link,Documentary,United States,English,930
2113,2114,Audible,2021,13+,5.3,51,1,0,0,0,0,Matthew Ogens,Documentary,Short,Sport,United States,English,390
2114,2115,Bartkowiak,2021,18+,5.6,51,1,0,0,0,0,Daniel Markowicz,Action,Crime,Sport,Poland,Polish,910
2147,2148,Headspace: Unwind Your Mind,2021,all,7.6,50,1,0,0,0,0,,Documentary,Animation,United States,English,150
2152,2153,Double Dad,2021,,5.6,50,1,0,0,0,0,Cris D'Amato,Comedy,Drama,Family,Brazil,Portuguese,1030
2159,2160,Trippin? with the Kandasamys,2021,,5.1,50,1,0,0,0,0,Jayan Moodley,Comedy,Romance,South Africa,English,930
2169,2170,Deadly Illusions,2021,,3.7,50,1,0,0,0,0,Anna Elizabeth James,Drama,Thriller,United States,English,1140
2203,2204,The Tambour of Retribution,2021,,7.3,50,1,0,0,0,0,Abdulaziz Alshlahei,Drama,Saudi Arabia,Arabic,920
2227,2228,Poeslief: een ode aan de kat,2021,,5.1,50,1,0,0,0,0,,Documentary,Netherlands,Dutch,600
2257,2258,Roohi,2021,,4.3,50,1,0,0,0,0,Hardik Mehta,Comedy,Horror,India,Hindi,1340
2262,2263,Family Seductions,2021,,4.6,49,1,0,0,0,0,Avi Federgreen,Thriller,Canada,English,870
2275,2276,Layla Majnun,2021,16+,6.4,49,1,0,0,0,0,Monty Tiwa,Drama,Romance,Indonesia,Indonesian,1190
2281,2282,Amy Tan: Unintended Memoir,2021,,7.4,49,1,0,0,0,0,James Redford,Documentary,Biography,United States,English,1010
2294,2295,African America,2021,,,49,1,0,0,0,0,Muzi Mthembu,Drama,South Africa,English,960
2302,2303,Strip Down, Rise Up,2021,18+,5.2,49,1,0,0,0,0,MichŠle Ohayon,Documentary,United States,English,1120
2315,2316,What Would Sophia Loren Do?,2021,,6.6,49,1,0,0,0,0,Ross Kauffman,Documentary,Short,Biography,United States,Italian,English,320
2321,2322,Ahaan,2021,,7.1,49,1,0,0,0,0,Nikhil Pherwani,Comedy,Drama,India,English,Hindi,810
2328,2329,Bankrolled,2021,,4.4,49,1,0,0,0,0,Marcos Bucay,Comedy,Mexico,Spanish,970
2332,2333,Love or Money,2021,,7.0,49,1,0,0,0,0,,Comedy,United States,English,300
2344,2345,Aelay,2021,,7.1,49,1,0,0,0,0,Halitha Shameem,Comedy,Drama,India,Tamil,1530
2345,2346,Care Of Kaadhal,2021,,7.8,49,1,0,0,0,0,Jasti Hemambar,Drama,India,Tamil,1340
2361,2362,Dolly Parton: A MusiCares Tribute,2021,7+,6.5,49,1,0,0,0,0,,Documentary,Music,United States,English,550
2373,2374,Sam Smith: Love Goes - Live at Abbey Road Studios,2021,,6.9,48,1,0,0,0,0,Paul Dugdale,Music,United Kingdom,English,610
2380,2381,Get the Grift,2021,,5.4,48,1,0,0,0,0,Pedro Ant“nio Paes,Comedy,Crime,Brazil,Portuguese,940
2382,2383,The Last Paradiso,2021,,5.6,48,1,0,0,0,0,Rocco Ricciardulli,Drama,Romance,Italy,Italian,1070
2388,2389,Tribhanga,2021,,6.1,48,1,0,0,0,0,Renuka Shahane,Drama,Family,India,Hindi,950
2407,2408,Barbie & Chelsea the Lost Birthday,2021,,6.0,48,1,0,0,0,0,Cassandra Mackay,Katie McWane,Animation,Adventure,Family,United States,English,600
2413,2414,Pretty Guardians Sailor Moon Eternal The MOVIE - Part 2,2021,,,48,1,0,0,0,0,,,,,
2414,2415,Sisters on Track,2021,7+,5.7,48,1,0,0,0,0,Tone Gr›ttjord-Glenne,Corinne van der Borch,Documentary,Sport,United States,English,960
2439,2440,Searching for Sheela,2021,13+,4.2,48,1,0,0,0,0,Shakun Batra,Documentary,Biography,Crime,India,Hindi,English,580
2521,2522,Gold Statue,2021,,5.8,47,1,0,0,0,0,Tade Ogidan,Adventure,Comedy,Drama,Nigeria,,1450
2567,2568,Animals on the Loose: A You vs. Wild Movie,2021,,5.8,47,1,0,0,0,0,Ben Simms,Adventure,Reality-TV,United States,English,900
2613,2614,Octonauts: The Ring of Fire,2021,all,7.2,46,1,0,0,0,0,Blair Simmons,Qin Zhou,Animation,China,United Kingdom,Chinese,720
2618,2619,Sardar Ka Grandson,2021,,4.1,46,1,0,0,0,0,Kaashvi Nair,Comedy,Drama,Romance,India,Hindi,1390
2626,2627,June & Kopi,2021,,6.3,46,1,0,0,0,0,Noviandra Santosa,Comedy,Drama,Family,Indonesia,Indonesian,900
2643,2644,Strain,2021,,5.5,46,1,0,0,0,0,Uduak-Obong Patrick,Drama,Nigeria,English,Yoruba,Ibo,1060
2646,2647,Emicida: AmarElo ? Live in SÆo Paulo,2021,,6.6,46,1,0,0,0,0,Fred Ouro Preto,Music,Brazil,Portuguese,990
2690,2691,Kambili: The Whole 30 Yards,2021,,6.4,46,1,0,0,0,0,Kayode Kasum,Romance,Nigeria,English,1190
2722,2723,Therapy,2021,,,45,1,0,0,0,0,John Carney,Drama,Ireland,English,Irish,850
2724,2725,Madam Chief Minister,2021,,4.7,45,1,0,0,0,0,Subhash Kapoor,Drama,India,Hindi,1300
2731,2732,Tersanjung the Movie,2021,,6.0,45,1,0,0,0,0,Pandu Adjisurya,Hanung Bramantyo,Nur Jihat Hisyam,Drama,Romance,Indonesia,Indonesian,1140
2739,2740,Hostage House,2021,,5.0,45,1,0,0,0,0,David Benullo,Thriller,United States,English,850
2751,2752,The Last Kids on Earth: Happy Apocalypse to You,2021,18+,7.1,45,1,0,0,0,0,Steve Rolston,Animation,Short,Comedy,Family,United States,English,270
2756,2757,Geez & Ann,2021,16+,5.1,45,1,0,0,0,0,Rizki Balki,Drama,Romance,Indonesia,Indonesian,1050
2792,2793,The Heartbreak Club,2021,16+,6.4,44,1,0,0,0,0,Bagus Bramanti,Charles Gozali,Comedy,Drama,Romance,Indonesia,Indonesian,1010
2808,2809,Lee Su-geun: The Sense Coach,2021,,4.0,44,1,0,0,0,0,,Comedy,South Korea,Korean,450
2815,2816,Soy Rada: Serendipia,2021,,5.8,44,1,0,0,0,0,Pablo Faro,Comedy,Argentina,Spanish,680
2821,2822,Chris Rock Total Blackout: The Tamborine Extended Cut,2021,,7.1,44,1,0,0,0,0,Bo Burnham,Comedy,United States,English,980
2827,2828,Resort to Love,2021,,3.8,44,1,0,0,0,0,Steven K. Tsuchida,Comedy,Romance,United States,English,1010
2831,2832,Gatao: The Last Stray,2021,,6.0,44,1,0,0,0,0,Jui-Chih Chiang,Action,Crime,Drama,Romance,Taiwan,Mandarin,1210
2833,2834,Clash,2021,,7.2,44,1,0,0,0,0,Mohamed Diab,Drama,Thriller,War,Egypt,France,Germany,Arabic,English,970
2851,2852,One Lagos Night,2021,,6.9,44,1,0,0,0,0,Ekene Som Mekwunye,Comedy,Crime,Nigeria,English,1040
2918,2919,Super Monsters: Once Upon a Rhyme,2021,,5.6,43,1,0,0,0,0,,Animation,Family,,English,250
2927,2928,Chhota Bheem - Neeli Pahaadi,2021,,7.4,43,1,0,0,0,0,Rajiv Chilaka,Animation,,,630
2940,2941,The Misadventures of Hedi and Cokeman,2021,,4.5,43,1,0,0,0,0,Julien Hollande,Action,Comedy,Crime,France,French,Arabic,Russian,990
2941,2942,Tuesdays And Fridays,2021,,4.5,43,1,0,0,0,0,Taranveer Singh,Comedy,Musical,Romance,India,Hindi,1060
2964,2965,Mommy Issues,2021,,5.3,43,1,0,0,0,0,Jose Javier Reyes,Comedy,Philippines,Tagalog,Filipino,900
2976,2977,Loyiso Gola: Unlearning,2021,16+,5.9,43,1,0,0,0,0,Kagiso Lediga,Comedy,South Africa,,600
3014,3015,Just in Time,2021,,6.8,42,1,0,0,0,0,Norman Jewison,Comedy,Romance,United States,Italy,English,Italian,1090
3093,3094,Sarbath,2021,,5.7,41,1,0,0,0,0,Prabhakaran,Comedy,Drama,India,Tamil,1120
3153,3154,Alan Salda¤a: Locked Up,2021,,4.1,41,1,0,0,0,0,Alex D¡az,Comedy,Mexico,Spanish,490
3210,3211,2 Weeks in Lagos,2021,,7.2,40,1,0,0,0,0,Kathryn Fasegha,Romance,Nigeria,English,1070
3238,3239,Myriam Fares: The Journey,2021,,2.0,40,1,0,0,0,0,Myriam Fares,Documentary,Music,Lebanon,Arabic,710
3239,3240,Virgen de San Juan,2021,,5.9,40,1,0,0,0,0,Francisco P‚rez,Drama,History,Mexico,Spanish,
3286,3287,What Happened to Mr. Cha?,2021,,4.3,39,1,0,0,0,0,Dong-kyu Kim,Comedy,Drama,South Korea,Korean,1020
3467,3468,RebellComedy: Straight Outta the Zoo,2021,18+,4.7,36,1,0,0,0,0,Ladislaus Kiraly,Comedy,Germany,German,740
3573,3574,Sanitation Day,2021,,3.8,34,1,0,0,0,0,Seyi Babatope,Thriller,Nigeria,Yoruba,1040
3631,3632,Trese After Dark,2021,13+,,24,1,0,0,0,0,Gio Puyat,Documentary,Short,United States,English,350
3632,3633,The Last Mercenary,2021,,5.9,23,1,0,0,0,0,David Charhon,Action,Comedy,France,French,1100
3633,3634,The Circle: The Afterparty,2021,,,21,1,0,0,0,0,,Talk-Show,,,
3634,3635,The Upshaws - The Afterparty,2021,18+,,20,1,0,0,0,0,,Talk-Show,,,
3637,3638,D.O.D.: Day of Destiny,2021,,,16,1,0,0,0,0,Jun'ichi Sat“,Animation,Action,Adventure,Comedy,Family,Fantasy,Romance,,Japanese,
3638,3639,Time To Dance,2021,,,15,1,0,0,0,0,Stanley D'Costa,Musical,Romance,India,Hindi,1130
3659,3660,Ratones Paranoicos: The Band that Rocked Argentina,2021,,,12,1,0,0,0,0,,,,,
3749,3750,Nomadland,2021,18+,7.4,79,0,1,0,0,0,Chlo‚ Zhao,Drama,Germany,United States,English,1070
3797,3798,Boss Level,2021,18+,6.9,75,0,1,0,0,0,Joe Carnahan,Action,Mystery,Sci-Fi,Thriller,United States,English,940
3835,3836,Barb & Star Go to Vista Del Mar,2021,13+,6.4,73,0,1,0,0,0,Josh Greenbaum,Comedy,United States,Mexico,English,1070
3858,3859,Summer of Soul (...or, When the Revolution Could Not Be Televised),2021,13+,8.3,72,0,1,0,0,0,Questlove,Documentary,Music,United States,English,1180
3876,3877,Quo vadis, Aida?,2021,,7.9,71,0,1,0,0,0,Jasmila Zbanic,Drama,History,War,Bosnia & Herzegovina,Austria,Romania,Netherlands,Germany,Poland,France,Turkey,Norway,Serbo-Croatian,Bosnian,English,Dutch,Serbian,1010
3906,3907,Plan B,2021,18+,6.7,70,0,1,0,0,0,Natalie Morales,Comedy,United States,English,1070
3929,3930,Willy's Wonderland,2021,18+,5.5,69,0,1,0,0,0,Kevin Lewis,Action,Comedy,Horror,Thriller,United States,English,880
3943,3944,Some Kind of Heaven,2021,13+,7.2,68,0,1,0,0,0,Lance Oppenheim,Documentary,United States,English,830
3978,3979,The United States vs. Billie Holiday,2021,18+,6.3,67,0,1,0,0,0,Lee Daniels,Biography,Drama,Music,United States,English,Italian,German,1260
4042,4043,Silk Road,2021,18+,5.9,65,0,1,0,0,0,Tiller Russell,Crime,Drama,Thriller,United States,English,1120
4044,4045,Shadow in the Cloud,2021,18+,4.8,65,0,1,0,0,0,Roseanne Liang,Action,Horror,War,New Zealand,United States,English,830
4067,4068,Fear of Rain,2021,13+,5.9,64,0,1,0,0,0,Castille Landon,Drama,Horror,Thriller,United States,English,1090
4077,4078,Framing Britney Spears,2021,16+,6.9,64,0,1,0,0,0,Samantha Stark,Documentary,United States,English,740
4095,4096,Little Fish,2021,16+,6.9,63,0,1,0,0,0,Chad Hartigan,Drama,Romance,Sci-Fi,United States,Canada,English,1010
4100,4101,The Trip to Greece,2021,13+,6.6,63,0,1,0,0,0,Michael Winterbottom,Comedy,Drama,United Kingdom,English,Greek,Turkish,1030
4144,4145,MLK/FBI,2021,7+,6.9,62,0,1,0,0,0,Sam Pollard,Documentary,United States,English,1040
4153,4154,kid 90,2021,13+,6.9,62,0,1,0,0,0,Soleil Moon Frye,Documentary,Biography,History,United States,English,710
4167,4168,The Outside Story,2021,,6.1,61,0,1,0,0,0,Casimir Nozkowski,Drama,United States,English,850
4170,4171,WeWork: or The Making and Breaking of a $47 Billion Unicorn,2021,13+,6.6,61,0,1,0,0,0,Jed Rothstein,Documentary,United States,English,1040
4230,4231,Night of the Kings,2021,18+,6.5,59,0,1,0,0,0,Philippe Lac“te,Drama,Fantasy,France,C“te d?Ivoire,Canada,Senegal,French,Dyula,930
4235,4236,False Positive,2021,18+,4.6,59,0,1,0,0,0,John Lee,Horror,Mystery,Thriller,United States,English,920
4249,4250,Bad Hair,2021,,5.5,58,0,1,0,0,0,Justin Simien,Comedy,Horror,Music,United States,,1020
4281,4282,A Glitch in the Matrix,2021,,5.2,58,0,1,0,0,0,Rodney Ascher,Documentary,United States,English,1080
4299,4300,Buddy Games,2021,18+,4.8,57,0,1,0,0,0,Josh Duhamel,Comedy,United States,Canada,English,900
4349,4350,Dark Web: Cicada 3301,2021,18+,4.9,56,0,1,0,0,0,Alan Ritchson,Action,Comedy,Thriller,United States,English,1040
4400,4401,The Ultimate Playlist of Noise,2021,18+,6.6,54,0,1,0,0,0,Bennett Lasseter,Comedy,Drama,Music,United States,English,990
4437,4438,69: The Saga of Danny Hernandez,2021,18+,5.3,53,0,1,0,0,0,Vikram Gandhi,Documentary,Music,United States,English,1020
4472,4473,The Resort,2021,,3.3,52,0,1,0,0,0,Taylor Chien,Horror,United States,English,750
4476,4477,Dr. Bird's Advice for Sad Poets,2021,18+,6.1,51,0,1,0,0,0,Yaniv Raz,Comedy,Drama,Mystery,United States,English,French,1090
4485,4486,Phobias,2021,18+,3.6,51,0,1,0,0,0,Camilla Belle,Maritte Lee Go,Joe Sill,Jess Varley,Chris von Hoffmann,Horror,Thriller,United States,English,850
4490,4491,Stars Fell on Alabama,2021,13+,5.5,51,0,1,0,0,0,V.W. Scheich,Comedy,Drama,Romance,United States,English,1030
4557,4558,Olympic Dreams Featuring Jonas Brothers,2021,7+,8.5,48,0,1,0,0,0,,Sport,United States,English,600
4575,4576,Her Name Is Chef,2021,,,47,0,1,0,0,0,Peter Ferriero,Documentary,United States,English,980
4579,4580,Dreamcatcher,2021,,2.6,47,0,1,0,0,0,Jacob Johnston,Horror,Mystery,Thriller,United States,English,1080
4625,4626,North Korea: Inside The Mind of a Dictator,2021,13+,6.7,44,0,1,0,0,0,Rob Coldstream,Documentary,United States,English,860
4634,4635,Safer at Home,2021,18+,4.5,44,0,1,0,0,0,Will Wernick,Thriller,United States,English,820
4665,4666,GameStopped,2021,,3.9,41,0,1,0,0,0,,Documentary,United States,English,
4714,4715,One Night in Miami...,2021,18+,7.1,86,0,0,1,0,0,Regina King,Drama,United States,English,1140
4737,4738,The Tomorrow War,2021,13+,6.6,81,0,0,1,0,0,Chris McKay,Action,Adventure,Drama,Sci-Fi,Thriller,United States,English,1380
4822,4823,Our Friend,2021,18+,7.3,74,0,0,1,0,0,Gabriela Cowperthwaite,Drama,Romance,United States,English,1240
4921,4922,Coming 2 America,2021,13+,5.3,70,0,0,1,0,0,Craig Brewer,Comedy,United States,English,1100
4940,4941,The Map of Tiny Perfect Things,2021,13+,6.8,69,0,0,1,0,0,Ian Samuels,Comedy,Fantasy,Romance,United States,English,980
4968,4969,Tom Clancy's Without Remorse,2021,18+,5.8,69,0,0,1,0,0,Stefano Sollima,Action,Thriller,War,United States,English,1090
5036,5037,Jolt,2021,18+,5.5,67,0,0,1,0,0,Tanya Wexler,Action,Thriller,United States,English,910
5333,5334,Jathi Ratnalu,2021,,7.6,61,0,0,1,0,0,Anudeep K.V.,Comedy,India,Telugu,1450
5503,5504,Parallel,2021,18+,5.8,59,0,0,1,0,0,Isaac Ezban,Drama,Sci-Fi,Thriller,Canada,English,1040
5511,5512,My Heart Can't Beat Unless You Tell It To,2021,,6.2,59,0,0,1,0,0,Jonathan Cuartas,Drama,Horror,United States,English,Spanish,900
5680,5681,Mary J. Blige's My Life,2021,18+,6.5,57,0,0,1,0,0,Vanessa Roth,Documentary,United States,English,820
5727,5728,Chick Fight,2021,18+,4.6,57,0,0,1,0,0,Paul Leyden,Action,Comedy,Drama,Sport,United States,English,970
5738,5739,P!nk: All I Know So Far,2021,,7.9,57,0,0,1,0,0,Michael Gracey,Documentary,Biography,Music,United States,English,990
5869,5870,Luxor,2021,,5.3,55,0,0,1,0,0,Zeina Durra,Drama,Romance,Egypt,United Kingdom,United Arab Emirates,English,Arabic,850
5964,5965,Son of the South,2021,13+,5.7,54,0,0,1,0,0,Barry Alexander Brown,Biography,Drama,United States,English,1050
5996,5997,Hoodman,2021,,5.9,54,0,0,1,0,0,Mark W. Curran,Crime,Horror,Thriller,United States,English,980
5999,6000,Butchers,2021,,4.6,54,0,0,1,0,0,Adrian Langley,Horror,Canada,English,920
6041,6042,Cold Case,2021,,6.1,53,0,0,1,0,0,,Crime,Drama,Mystery,Thriller,United States,English,440
6052,6053,American Mobster: Retribution,2021,,6.3,53,0,0,1,0,0,Gregory Hatanaka,Action,United States,,
6111,6112,One and the Same,2021,,6.5,53,0,0,1,0,0,Felipe Cisneros,Mystery,United States,English,1100
6404,6405,The Pond,2021,,4.2,50,0,0,1,0,0,Petar Pasic,Drama,Horror,Mystery,Serbia,English,960
6420,6421,Introspectum Motel,2021,,3.7,50,0,0,1,0,0,Marcel Dorian,Thriller,United Kingdom,Romania,English,880
6440,6441,Stallone: Frank, That Is,2021,,6.5,50,0,0,1,0,0,Derek Wayne Johnson,Documentary,United States,English,730
6460,6461,Blood Born,2021,,4.0,50,0,0,1,0,0,Reed Shusterman,Horror,United States,English,920
6488,6489,Goodbye, Butterfly,2021,,4.8,49,0,0,1,0,0,Tyler Wayne,Thriller,United States,,980
6689,6690,Red Woods,2021,,3.2,48,0,0,1,0,0,Nicholas Danko,Adventure,Horror,Mystery,United States,English,950
6698,6699,The Lift,2021,,4.7,48,0,0,1,0,0,Dick Maas,Horror,Sci-Fi,Thriller,Netherlands,English,Dutch,950
6724,6725,The Alpha Test,2021,,3.2,48,0,0,1,0,0,Aaron Mirtes,Sci-Fi,United States,English,870
6806,6807,Journey to Royal: A WWII Rescue Mission,2021,,5.4,47,0,0,1,0,0,Christopher Johnson,Documentary,History,War,United States,English,900
6887,6888,My Brother's Keeper,2021,13+,5.3,46,0,0,1,0,0,Kevan Otto,Drama,Family,United States,English,970
6893,6894,These Streets We Haunt,2021,,4.8,46,0,0,1,0,0,Jason Cunningham,Drama,Fantasy,United States,English,1070
6904,6905,Steps,2021,,,46,0,0,1,0,0,Rock Davis,Jay Rodriguez Jr.,Drama,United States,English,1180
6929,6930,Expiry,2021,,4.4,46,0,0,1,0,0,Tom Gatley,Sci-Fi,United Kingdom,English,850
6990,6991,The Heiress,2021,18+,4.7,46,0,0,1,0,0,William Wyler,Drama,Romance,United States,English,French,1150
7011,7012,Lazarus,2021,,3.1,46,0,0,1,0,0,David Gelb,Horror,Mystery,Sci-Fi,Thriller,United States,English,830
7080,7081,My Beautiful Bride,2021,,4.8,45,0,0,1,0,0,Chadney Cooles,Drama,Thriller,United States,English,850
7081,7082,Volcanic UFO Mysteries,2021,,6.0,45,0,0,1,0,0,Darcy Weir,Documentary,United States,English,620
7173,7174,Bottom Feeders,2021,,6.6,44,0,0,1,0,0,Stephen M. Miller,Comedy,United States,,980
7280,7281,Ape Canyon,2021,,5.8,44,0,0,1,0,0,Joshua Land,Comedy,Drama,United States,English,730
7335,7336,Hot Money,2021,,5.8,44,0,0,1,0,0,Susan Kucera,Documentary,United States,English,1180
7336,7337,Travis Turner,2021,,3.6,44,0,0,1,0,0,Mike Klassen,Drama,Canada,English,720
7337,7338,Nightingale: A Melody of Life,2021,,6.2,43,0,0,1,0,0,Gowtham Namasivayam,Drama,Music,United States,English,980
7372,7373,The Believer,2021,,3.8,43,0,0,1,0,0,Henry Bean,Drama,United States,English,Hebrew,980
7399,7400,Kilroy,2021,,5.2,43,0,0,1,0,0,Chris Bollinger,Biography,Drama,History,United States,English,860
7540,7541,Gun and a Hotel Bible,2021,,6.6,42,0,0,1,0,0,Raja Gosnell,Alicia Joy LeBlanc,Raja Gosnell,Alicia Joy LeBlanc,Drama,United States,English,580
7551,7552,Axeman at Cutters Creek,2021,,3.8,42,0,0,1,0,0,Joston Theney,Horror,United States,English,770
7559,7560,Hampton's Legion,2021,,1.9,42,0,0,1,0,0,Christopher Forbes,Action,War,United States,English,800
7712,7713,The Bid,2021,18+,4.1,41,0,0,1,0,0,Maurquis Boone,Comedy,United States,English,900
7821,7822,Priorities Chapter One: Money Isn't Everything,2021,,,41,0,0,1,0,0,Felton Young,Drama,United States,English,1460
7842,7843,All We Got,2021,,5.3,40,0,0,1,0,0,Andr‚ L. Hopson,Drama,United States,English,1010
7859,7860,Good Grief It's Friday,2021,,4.8,40,0,0,1,0,0,Michael Shaun Patterson,Drama,Musical,Canada,English,
8138,8139,The Healing Garden,2021,all,5.6,38,0,0,1,0,0,Joseph Granda,Family,United States,English,950
8157,8158,Ester Steinberg Burning Bush,2021,13+,,38,0,0,1,0,0,Brian Volk-Weiss,Comedy,United States,English,
8205,8206,Honesty Weekend,2021,,4.7,38,0,0,1,0,0,Leslie Anne Thomas,Comedy,United States,English,900
8244,8245,Virus Shark,2021,,1.9,38,0,0,1,0,0,Mark Polonia,Horror,United States,English,740
8258,8259,Magic Max,2021,13+,4.6,37,0,0,1,0,0,James D. Fields,Drama,United States,English,970
8296,8297,Voyage of the Chimera,2021,,3.8,37,0,0,1,0,0,Michael Gates,Sci-Fi,United States,English,840
8460,8461,Love You Right: An R&B Musical,2021,,6.6,35,0,0,1,0,0,Christina Faith,Drama,Musical,Romance,United States,English,
8478,8479,Fishbowl,2021,,,35,0,0,1,0,0,Alexa Kinigopoulos,Stephen Kinigopoulos,Drama,Thriller,United States,English,850
8503,8504,Mummy Dearest,2021,,2.4,34,0,0,1,0,0,White Cross,Horror,Mystery,Thriller,United States,English,940
8530,8531,Aperture Kids and the Mysterious Neighbor,2021,,4.9,33,0,0,1,0,0,Steve Landreth,Drama,Family,Mystery,United States,English,870
8662,8663,Luca,2021,7+,7.5,82,0,0,0,1,0,Enrico Casarosa,Animation,Adventure,Comedy,Family,Fantasy,United States,English,Italian,950
8676,8677,Raya and the Last Dragon,2021,7+,7.4,81,0,0,0,1,0,Don Hall,Carlos L¢pez Estrada,Paul Briggs,John Ripa,Animation,Action,Adventure,Comedy,Family,Fantasy,United States,English,1070
8899,8900,22 vs. Earth,2021,all,6.5,64,0,0,0,1,0,Kevin Nolting,Animation,Short,Adventure,Comedy,Family,Fantasy,United States,English,90
8902,8903,The Simpsons: The Good, the Bart, and the Loki,2021,7+,6.1,64,0,0,0,1,0,David Silverman,Animation,Short,Action,Comedy,Family,United States,English,40
8914,8915,Us Again,2021,all,7.9,64,0,0,0,1,0,Zach Parrish,Animation,Short,Drama,Family,Musical,United States,English,70
8946,8947,Flora & Ulysses,2021,7+,6.3,62,0,0,0,1,0,Lena Khan,Adventure,Comedy,Family,United States,English,950
8959,8960,Miraculous World: Shanghai ? The Legend of Ladydragon,2021,7+,7.6,62,0,0,0,1,0,Thomas Astruc,Animation,Action,Adventure,Family,Fantasy,Romance,United States,France,French,English,520
8985,8986,Maggie Simpson in The Force Awakens from Its Nap,2021,18+,6.2,61,0,0,0,1,0,David Silverman,Animation,Short,Comedy,Family,Sci-Fi,United States,English,30
9106,9107,Stuntman,2021,13+,7.1,56,0,0,0,1,0,Kurt Mattila,Documentary,United States,English,870
9115,9116,The Little Prince(ss),2021,,7.5,56,0,0,0,1,0,Moxie Peng,Short,Drama,United States,English,180
9136,9137,Wolfgang,2021,,7.0,54,0,0,0,1,0,David Gelb,Documentary,Biography,United States,English,German,780
9143,9144,Star Wars Biomes,2021,,6.7,54,0,0,0,1,0,,Short,Sci-Fi,United States,English,180
9175,9176,Shark Beach with Chris Hemsworth,2021,,6.8,53,0,0,0,1,0,Sally Aitken,Documentary,United States,English,450
9176,9177,Playing with Sharks: The Valerie Taylor Story,2021,13+,7.8,53,0,0,0,1,0,Sally Aitken,Documentary,Adventure,United States,English,950
9177,9178,Marvel's Behind the Mask,2021,13+,6.4,53,0,0,0,1,0,Mike Jacobs,Documentary,United States,English,640
9202,9203,American Eid,2021,all,7.4,52,0,0,0,1,0,Aqsa Altaf,Short,Drama,United States,Urdu,English,200
9223,9224,Let's Be Tigers,2021,7+,7.2,51,0,0,0,1,0,Stefanie Abel Horowitz,Short,Drama,United States,English,140
9275,9276,Growing Fangs,2021,,6.5,49,0,0,0,1,0,Ann Marie Pace,Short,United States,Spanish,English,180
9284,9285,Orca Vs Great White,2021,13+,5.6,49,0,0,0,1,0,,Documentary,,English,
9288,9289,The Last of the Chupacabras,2021,,6.4,48,0,0,0,1,0,Jessica Mendez Siqueiros,Short,Drama,United States,Spanish,English,130
9293,9294,Dinner Is Served,2021,,6.1,48,0,0,0,1,0,Willy Adkins,Short,Horror,United States,English,
9317,9318,Rogue Shark?,2021,13+,7.2,47,0,0,0,1,0,,Documentary,United States,English,
9352,9353,Own the Room,2021,7+,6.4,46,0,0,0,1,0,Cristina Costantini,Darren Foster,Documentary,United States,English,910
9368,9369,World's Biggest Bull Shark?,2021,13+,,45,0,0,0,1,0,,Documentary,United States,English,
9374,9375,Shark Gangs,2021,13+,6.8,45,0,0,0,1,0,,Documentary,,English,
9495,9496,My Music Story: Yoshiki,2021,16+,7.3,33,0,0,0,1,0,Aiji Okazaki,Kentaro Takayanagi,Documentary,Music,United States,Japan,Japanese,470
9503,9504,Disney My Music Story: Sukima Switch,2021,16+,,16,0,0,0,1,0,,Documentary,Music,United States,Japanese,810
9509,9510,Built for Mars: The Perseverance Rover,2021,,,14,0,0,0,1,0,Mark Davis,,United States,,
