Title;Year;Age;IMDb;Rotten Tomatoes;Netflix;Hulu;Prime Video;Disney+;Directors;Genres;Country;Language;Runtime
Bo Burnham: Inside;2021;18+;8,8;81;1;0;0;0;Bo Burnham;Comedy,Drama,Music;United States;English;87
The Dig;2021;13+;7,1;75;1;0;0;0;Simon Stone;Biography,Drama,History;United Kingdom;English;112
Army of the Dead;2021;18+;5,8;75;1;0;0;0;Zack Snyder;Action,Crime,Horror,Sci-Fi,Thriller;United States;English,Spanish,German,French;148
The White Tiger;2021;18+;7,1;75;1;0;0;0;Ramin Bahrani;Crime,Drama;India,United States;Hindi,English;125
I Care a Lot;2021;18+;6,3;74;1;0;0;0;J Blakeson;Comedy,Crime,Thriller;United States,United Kingdom;English;118
Wish Dragon;2021;7+;7,2;73;1;0;0;0;Chris Appelhans;Animation,Adventure,Comedy,Family,Fantasy;China,United States,Canada;English;98
The Mitchells vs. The Machines;2021;7+;7,7;73;1;0;0;0;;Comedy,Talk-Show;United Kingdom,United States,Canada;English;138
Fear Street Part Two: 1978;2021;18+;6,8;73;1;0;0;0;Leigh Janiak;Drama,Horror,Mystery;United States,Canada;English;109
Gunpowder Milkshake;2021;18+;6,0;73;1;0;0;0;Navot Papushado;Action,Adventure,Thriller;France,Germany,United States;English,Russian;114
The Ice Road;2021;13+;5,6;72;1;0;0;0;Jonathan Hensleigh;Action,Adventure,Drama,Thriller;United States;English;109
Fear Street: 1666;2021;18+;6,7;70;1;0;0;0;Leigh Janiak;Horror,Mystery;United States,Canada;English;114
Fear Street: 1994;2021;;6,2;69;1;0;0;0;Leigh Janiak;Drama,Horror,Mystery;United States,Canada;English;107
Outside the Wire;2021;18+;5,4;69;1;0;0;0;Mikael HÇ¾fstrÇôm;Action,Adventure,Fantasy,Sci-Fi;Hungary,United States;English,Ukrainian,Russian;114
Trollhunters: Rise of the Titans;2021;7+;7,0;69;1;0;0;0;Johane Matte,Francisco Ruiz-Velasco,Andrew L. Schmidt;Animation,Action,Adventure,Comedy,Drama,Family,Fantasy;United States,Mexico;English;104
Fatherhood;2021;13+;6,7;69;1;0;0;0;Paul Weitz;Comedy,Drama;United States;English;109
Rurouni Kenshin: The Final;2021;;7,2;67;1;0;0;0;Keishi Ohtomo;Action,Adventure,Drama;Japan;Japanese;138
Major Grom: Plague Doctor;2021;;6,3;67;1;0;0;0;Oleg Trofim;Action,Adventure;Russia;Russian;136
Seaspiracy;2021;18+;8,2;67;1;0;0;0;Ali Tabrizi;Documentary,Adventure;United States;English;89
Moxie;2021;13+;6,7;67;1;0;0;0;Amy Poehler;Comedy,Drama,Music;United States;English;111
Oxygen;2021;18+;6,5;67;1;0;0;0;Alexandre Aja;Drama,Fantasy,Sci-Fi,Thriller;France,United States;French;100
Penguin Bloom;2021;13+;6,8;67;1;0;0;0;Glendyn Ivin;Drama;Australia,United States;English;95
Stowaway;2021;18+;5,6;67;1;0;0;0;Joe Penna;Drama,Sci-Fi,Thriller;Germany,United States;English;116
Kingdom: Ashin of the North;2021;18+;7,1;67;1;0;0;0;Seong-hun Kim;Action,Drama,History,Horror,Thriller;South Korea;Korean;92
Blue Miracle;2021;7+;6,7;67;1;0;0;0;Julio Quintana;Adventure,Biography,Drama,Family;United States;English;95
The Woman in the Window;2021;18+;5,7;67;1;0;0;0;Joe Wright;Crime,Drama,Mystery,Thriller;United States;English;100
Good on Paper;2021;18+;5,6;66;1;0;0;0;Kimmy Gatewood;Comedy,Romance;United States;English;92
Yes Day;2021;7+;5,7;66;1;0;0;0;Miguel Arteta;Comedy,Family;United States;English,Spanish;86
Blood Red Sky;2021;18+;6,1;66;1;0;0;0;Peter Thorwarth;Action,Horror,Thriller;Germany,United States;German,English,Arabic;121
Ferry;2021;18+;7,0;66;1;0;0;0;Cecilia Verheyden;Action,Crime,Drama,Thriller;Belgium,Netherlands;Flemish,Dutch;106
The Last Letter From Your Lover;2021;18+;6,8;66;1;0;0;0;Augustine Frizzell;Drama,Romance;United Kingdom,France;English;110
Haseen Dillruba;2021;18+;6,9;65;1;0;0;0;Vinil Mathew;Crime,Drama,Mystery,Romance,Thriller;India;Hindi;135
Xtreme;2021;18+;5,8;65;1;0;0;0;Daniel Benmayor;Action,Crime,Drama,Thriller;Spain;Spanish;111
To All the Boys: Always and Forever;2021;;6,3;65;1;0;0;0;Michael Fimognari;Comedy,Drama,Romance;United States;English;109
Breaking Boundaries: The Science of Our Planet;2021;7+;7,8;65;1;0;0;0;Jon Clay;Documentary;United States;English;73
Thunder Force;2021;13+;4,4;65;1;0;0;0;Ben Falcone;Action,Adventure,Comedy,Fantasy,Sci-Fi;United States;English;106
Space Sweepers;2021;;6,6;65;1;0;0;0;Sung-hee Jo;Action,Adventure,Drama,Fantasy,Sci-Fi;South Korea;Korean,English,Spanish,Danish,French,German,Russian,Chinese,Arabic,Filipino,Mandarin;136
Mimi;2021;;8,4;64;1;0;0;0;Laxman Utekar;Comedy,Drama;India;Hindi;132
Below Zero;2021;18+;6,2;64;1;0;0;0;LluÇðs QuÇðlez;Action,Adventure,Crime,Drama,Thriller;Spain;Spanish;106
I Am All Girls;2021;18+;5,8;63;1;0;0;0;Donovan Marsh;Crime,Drama,Mystery,Thriller;South Africa;English;107
Jagame Thandhiram;2021;18+;6,0;63;1;0;0;0;Karthik Subbaraj;Action,Crime,Drama,Thriller;United Kingdom,India;Tamil,Telugu;158
Awake;2021;;4,8;63;1;0;1;0;Mark Raso;Action,Adventure,Drama,Sci-Fi,Thriller;United States;English,Greek,Spanish;96
Malcolm & Marie;2021;18+;6,7;63;1;0;0;0;Sam Levinson;Drama,Romance;United States;English;106
America: The Motion Picture;2021;;5,7;63;1;0;0;0;Matt Thompson;Animation,Action,Adventure,Comedy,History,Sci-Fi;United States;English;98
Finding 'Ohana;2021;7+;6,1;62;1;0;0;0;Jude Weng;Action,Adventure,Comedy,Family;United States;English,Hawaiian,Spanish;123
PelÇ¸;2021;13+;7,0;62;1;0;0;0;Jeff Zimbalist,Michael Zimbalist;Biography,Drama,Sport;United States;English,Portuguese,Swedish;107
How I Became a Superhero;2021;;5,8;62;1;0;0;0;Douglas Attal;Action,Adventure,Comedy,Drama,Fantasy,Thriller;France,Belgium;French;97
Secret Magic Control Agency;2021;7+;6,2;62;1;0;0;0;Aleksey Tsitsilin;Animation,Adventure,Comedy,Family,Fantasy;Russia,United States;English;103
Nayattu;2021;18+;8,2;61;1;0;0;0;Martin Prakkat;Thriller;India;Malayalam;124
Mandela;2021;16+;8,5;61;1;0;0;0;Madonne Ashwin;Comedy,Drama;India;Tamil;140
The Seventh Day;2021;18+;4,4;61;1;0;0;0;Justin P. Lange;Horror,Mystery;United States;English;87
Things Heard & Seen;2021;18+;5,3;61;1;0;0;0;Shari Springer Berman,Robert Pulcini;Drama,Horror,Mystery,Thriller;United States;English;121
Monster;2021;18+;6,5;61;1;0;1;0;Patty Jenkins;Biography,Crime,Drama,Thriller;United States,Germany;English;109
Red Dot;2021;18+;5,5;61;1;0;0;0;Alain Darborg;Drama,Horror,Thriller;Sweden;Swedish,English;86
Skater Girl;2021;7+;6,7;61;1;0;0;0;Manjari Makijany;Drama,Family,Sport;United States,India;English,Hindi;107
Murder by the Coast;2021;18+;6,5;60;1;0;0;0;TÇÿnia BallÇü;Documentary,Crime,History,Mystery;Spain;Spanish,English;88
Crack: Cocaine, Corruption & Conspiracy;2021;18+;6,7;60;1;0;0;0;Stanley Nelson;Documentary,Crime,History;United States;English;89
Nail Bomber: Manhunt;2021;18+;6,3;60;1;0;0;0;Daniel Vernon;Documentary,Crime,History;United Kingdom;English;72
Paper Lives;2021;;6,7;60;1;0;0;0;Can Ulkay;Drama;Turkey;Turkish;96
Biggie: I Got a Story to Tell;2021;18+;6,9;60;1;0;0;0;Emmett Malloy;Documentary,Biography,Music;United States;English;97
Security;2021;;4,9;60;1;0;0;0;Peter Chelsom;Thriller;Italy;Italian;118
Cinema Bandi;2021;all;8,0;60;1;0;0;0;Praveen Kandregula;Comedy,Drama;India;Telugu;98
The 8th Night;2021;18+;5,4;59;1;0;0;0;Kim Tae-hyung;Horror,Thriller;South Korea;Korean;115
The Soul;2021;16+;6,6;59;1;0;0;0;Wei-Hao Cheng;Drama,Mystery,Sci-Fi,Thriller;China,Taiwan;Chinese,English,Mandarin,Min Nan;130
The Guide to the Perfect Family;2021;;6,3;59;1;0;0;0;Ricardo Trogi;Comedy,Drama;Canada;French;102
Nate Bargatze: The Greatest Average American;2021;all;7,3;59;1;0;0;0;Troy Miller;Comedy;United States;English;60
Pagglait;2021;16+;6,9;59;1;0;0;0;Umesh Bist;Comedy,Drama;India;Hindi;114
Operation Varsity Blues: The College Admissions Scandal;2021;18+;7,0;59;1;0;0;0;Chris Smith;Documentary,Crime,Drama;United States;English;99
Ali & Ratu Ratu Queens;2021;16+;7,1;58;1;0;0;0;Lucky Kuswandi;Comedy,Drama;Indonesia;Indonesian;100
Last Summer;2021;;6,4;58;1;0;0;0;;Drama,Mystery,Thriller;United States;English;45
The House of Flowers: The Movie;2021;18+;5,5;58;1;0;0;0;Manolo Caro;Comedy,Drama;Mexico;Spanish;86
Red;2021;16+;6,6;58;1;0;0;0;Domee Shi;Animation,Adventure,Comedy,Family,Fantasy;United States,Canada;English;
Crazy About Her;2021;18+;6,6;58;1;0;0;0;Dani de la Orden;Comedy,Romance;Spain;Spanish;102
New Gods: Nezha Reborn;2021;13+;6,9;58;1;0;0;0;Ji Zhao;Animation,Action,Fantasy;China;Mandarin;118
Why Did You Kill Me?;2021;18+;5,6;58;1;0;0;0;Fredrick Munk;Documentary,Crime;United States;Spanish,English;83
Ashin of the North;2021;18+;8,2;58;1;0;0;0;Seong-hun Kim;Action,Drama,History,Horror,Thriller;South Korea;Korean;92
Sweet & Sour;2021;;6,8;58;1;0;0;0;Kae-Byeok Lee;Comedy,Romance;South Korea;Korean;101
99 Songs;2021;;7,2;58;1;0;0;0;Vishwesh Krishnamoorthy;Musical,Romance;India;Hindi,Tamil,Telugu;128
Mobile Suit Gundam: Hathaway;2021;;6,8;57;1;0;0;0;ShÇ¯kÇï Murase;Animation,Action,Drama,Romance,Sci-Fi;Japan;Japanese;95
Get the Goat;2021;13+;6,2;57;1;0;0;0;Vitor Brandt;Action,Comedy,Crime;Brazil;Portuguese;97
Sentinelle;2021;;4,7;57;1;0;0;0;Julien Leclercq;Action,Crime,Drama,Thriller;France;French,Arabic,Russian;80
A Classic Horror Story;2021;18+;5,7;57;1;0;0;0;Roberto De Feo,Paolo Strippoli;Drama,Horror,Mystery,Thriller;Italy;Italian,English;95
Ajeeb Daastaans;2021;;6,7;57;1;0;0;0;Neeraj Ghaywan,Kayoze Irani,Shashank Khaitan,Raj Mehta;Drama,Romance;India;Hindi;142
The Devil Below;2021;18+;4,2;57;1;0;0;0;Bradley Parker;Horror,Thriller;United States;;88
A Week Away;2021;18+;5,8;56;1;0;0;0;Roman White;Drama,Family,Musical;United States;English;94
A Family;2021;;7,0;56;1;0;0;0;Michihito Fujii;Crime,Drama;Japan;Japanese;136
Cosmic Sin;2021;18+;2,5;56;1;0;0;0;Edward Drake;Action,Adventure,Sci-Fi;United States;English;88
Pretty Guardians Sailor Moon Eternal The MOVIE - Part 1;2021;;7,1;56;1;0;0;0;;;;;
Cousins;2021;18+;7,0;56;1;0;0;0;Ainsley Gardiner,Briar Grace Smith;Drama;New Zealand;English,Maori;98
Words Bubble Up Like Soda Pop;2021;;7,0;56;1;0;0;0;Kyohei Ishiguro;Animation,Drama,Romance;Japan;Japanese;87
Dynasty Warriors;2021;;4,8;56;1;0;0;0;Roy Hin Yeung Chow;Action,Adventure,Fantasy;Hong Kong SAR China,China,Japan;Cantonese,Mandarin;119
This Little Love of Mine;2021;all;5,3;56;1;0;0;0;Christine Luby;Romance;Australia;English;91
The Minimalists: Less Is Now;2021;;5,9;56;1;0;0;0;Matt D'Avella;Documentary;United States;English;53
Deep;2021;18+;4,9;56;1;0;0;0;Sita Likitvanichkul,Jetarin Ratanaserikiat,Apirak Samudkidpisan,Thanabodee Uawithya,Adirek Wattaleela;Drama,Mystery,Sci-Fi,Thriller;Thailand;Thai;101
Biking Borders - eine etwas andere Reise;2021;;7,9;56;1;0;0;0;Max Jabs;Documentary;Germany;German;90
Ghost Lab;2021;18+;5,2;56;1;0;0;0;Paween Purijitpanya;Drama,Horror,Thriller;Thailand;Thai;117
A Perfect Fit;2021;;5,3;56;1;0;0;0;Hadrah Daeng Ratu;Comedy,Drama,Romance;Indonesia;Indonesian;112
Prime Time;2021;18+;5,3;55;1;0;0;0;Jakub Piatek;Drama,Thriller;Poland;Polish;93
Baggio: The Divine Ponytail;2021;16+;6,1;55;1;0;0;0;Letizia Lamartire;Biography,Drama,Sport;Italy;Italian;91
The Girl on the Train;2021;18+;4,4;55;1;0;0;0;Tate Taylor;Crime,Drama,Mystery,Thriller;United States,India;English,Spanish;112
Rurouni Kenshin: The Beginning;2021;;8,0;55;1;0;0;0;Keishi Ohtomo;Action,Adventure,Drama;Japan;Japanese;137
One;2021;;6,6;55;1;0;0;0;Malgorzata Szumowska;Drama;France,Poland,Germany;French,English,Polish;99
Dancing Queens;2021;;5,5;55;1;0;0;0;Helena BergstrÇôm;Comedy,Drama;Sweden;Swedish,English;110
Madame Claude;2021;18+;5,4;55;1;0;0;0;Sylvie Verheyde;Biography,Crime,Drama,Romance;France;French;112
Have You Ever Seen Fireflies?;2021;16+;6,2;55;1;0;0;0;AndaÇõ Haznedaroglu;Comedy,Drama;Turkey;Turkish;113
In Our Mothers' Gardens;2021;;8,9;54;1;0;0;0;Shantrelle P. Lewis;Documentary;United States;English;
Caught by a Wave;2021;16+;5,8;54;1;0;0;0;Massimiliano Camaiti;Drama,Romance,Sport;Italy;Italian;99
Irul;2021;;5,8;54;1;0;0;0;Naseef Yusuf Izuddin;Mystery,Thriller;India;Malayalam;91
HÇ¸roes. Silencio y Rock & Roll;2021;;7,5;54;1;0;0;0;Alexis Morante;Documentary;Spain;Spanish;94
My Amanda;2021;;5,8;54;1;0;0;0;Alessandra de Rossi;Drama,Romance;Philippines;Filipino;89
Accomplice;2021;;7,3;53;1;0;0;0;Dong-Suk Kuk;Drama,Thriller;South Korea;Korean;95
Homunculus;2021;;5,6;53;1;0;0;0;Takashi Shimizu;Drama,Fantasy,Mystery,Thriller;Japan;Japanese;115
Tony Parker: The Final Shot;2021;;6,7;53;1;0;0;0;Florent Bodin;Documentary,Biography,Sport;France;French;98
Stuck Apart;2021;;6,0;53;1;0;0;0;Durul Taylan,Yagmur Taylan;Comedy,Drama;Turkey;Turkish;96
Wild Dog;2021;18+;6,3;53;1;0;0;0;Ahishor Solomon;Action,Adventure,Crime,Thriller;India;Telugu;145
The Yinyang Master;2021;;6,4;52;1;0;0;0;Weiran Li;Action,Adventure,Drama,Fantasy,Romance;China;Chinese;113
Uppena;2021;;6,8;52;1;0;0;0;Buchi Babu Sana;Action,Drama,Romance;India;Telugu;147
Carnaval;2021;;3,9;52;1;0;0;0;Leandro Neri;Comedy;Brazil;Portuguese;94
Arlo the Alligator Boy;2021;7+;6,7;52;1;0;0;0;Ryan Crego;Animation,Adventure,Comedy,Family,Musical;United States;English;90
Ride or Die;2021;18+;5,4;52;1;0;0;0;Ryuichi Hiroki;Drama,Romance,Thriller;Japan;Japanese;142
Super Me;2021;;5,9;52;1;0;0;0;Zhang Chong;Drama,Fantasy,Mystery,Sci-Fi;China;Chinese;102
Creating an Army of the Dead;2021;18+;;52;1;0;0;0;;;;;
Just Say Yes;2021;;4,5;52;1;0;0;0;Appie Boudellah,Aram van de Rest;Comedy,Romance;Netherlands;Dutch;97
Wish You;2021;;6,5;51;1;0;0;0;Do Joon Sung;Drama,Music,Romance;South Korea;Korean,English;102
Hate by Dani Rovira;2021;;6,7;51;1;0;0;0;Mario Briongos;Comedy;Spain;Spanish;82
Squared Love;2021;13+;5,0;51;1;0;0;0;Filip Zylber;Comedy,Romance;Poland;Polish;102
Private Network: Who Killed Manuel Buendia;2021;;6,8;51;1;0;0;0;Manuel AlcalÇ­;Documentary,Crime,Mystery;Mexico;Spanish;100
Brian Regan: On the Rocks;2021;;6,9;51;1;0;0;0;Troy Miller;Comedy;United States;English;58
7 Yards: The Chris Norton Story;2021;;8,9;51;1;0;0;0;Jonathon Link;Documentary;United States;English;93
Audible;2021;13+;5,3;51;1;0;0;0;Matthew Ogens;Documentary,Short,Sport;United States;English;39
Bartkowiak;2021;18+;5,6;51;1;0;0;0;Daniel Markowicz;Action,Crime,Sport;Poland;Polish;91
Headspace: Unwind Your Mind;2021;all;7,6;50;1;0;0;0;;Documentary,Animation;United States;English;15
Double Dad;2021;;5,6;50;1;0;0;0;Cris D'Amato;Comedy,Drama,Family;Brazil;Portuguese;103
Trippinƒ?? with the Kandasamys;2021;;5,1;50;1;0;0;0;Jayan Moodley;Comedy,Romance;South Africa;English;93
Deadly Illusions;2021;;3,7;50;1;0;0;0;Anna Elizabeth James;Drama,Thriller;United States;English;114
The Tambour of Retribution;2021;;7,3;50;1;0;0;0;Abdulaziz Alshlahei;Drama;Saudi Arabia;Arabic;92
Poeslief: een ode aan de kat;2021;;5,1;50;1;0;0;0;;Documentary;Netherlands;Dutch;60
Roohi;2021;;4,3;50;1;0;0;0;Hardik Mehta;Comedy,Horror;India;Hindi;134
Family Seductions;2021;;4,6;49;1;0;0;0;Avi Federgreen;Thriller;Canada;English;87
Layla Majnun;2021;16+;6,4;49;1;0;0;0;Monty Tiwa;Drama,Romance;Indonesia;Indonesian;119
Amy Tan: Unintended Memoir;2021;;7,4;49;1;0;0;0;James Redford;Documentary,Biography;United States;English;101
African America;2021;;;49;1;0;0;0;Muzi Mthembu;Drama;South Africa;English;96
Strip Down, Rise Up;2021;18+;5,2;49;1;0;0;0;MichÇùle Ohayon;Documentary;United States;English;112
What Would Sophia Loren Do?;2021;;6,6;49;1;0;0;0;Ross Kauffman;Documentary,Short,Biography;United States;Italian,English;32
Ahaan;2021;;7,1;49;1;0;0;0;Nikhil Pherwani;Comedy,Drama;India;English,Hindi;81
Bankrolled;2021;;4,4;49;1;0;0;0;Marcos Bucay;Comedy;Mexico;Spanish;97
Love or Money;2021;;7,0;49;1;0;0;0;;Comedy;United States;English;30
Aelay;2021;;7,1;49;1;0;0;0;Halitha Shameem;Comedy,Drama;India;Tamil;153
Care Of Kaadhal;2021;;7,8;49;1;0;0;0;Jasti Hemambar;Drama;India;Tamil;134
Dolly Parton: A MusiCares Tribute;2021;7+;6,5;49;1;0;0;0;;Documentary,Music;United States;English;55
Sam Smith: Love Goes - Live at Abbey Road Studios;2021;;6,9;48;1;0;0;0;Paul Dugdale;Music;United Kingdom;English;61
Get the Grift;2021;;5,4;48;1;0;0;0;Pedro AntÇïnio Paes;Comedy,Crime;Brazil;Portuguese;94
The Last Paradiso;2021;;5,6;48;1;0;0;0;Rocco Ricciardulli;Drama,Romance;Italy;Italian;107
Tribhanga;2021;;6,1;48;1;0;0;0;Renuka Shahane;Drama,Family;India;Hindi;95
Barbie & Chelsea the Lost Birthday;2021;;6,0;48;1;0;0;0;Cassandra Mackay,Katie McWane;Animation,Adventure,Family;United States;English;60
Pretty Guardians Sailor Moon Eternal The MOVIE - Part 2;2021;;;48;1;0;0;0;;;;;
Sisters on Track;2021;7+;5,7;48;1;0;0;0;Tone GrÇ÷ttjord-Glenne,Corinne van der Borch;Documentary,Sport;United States;English;96
Searching for Sheela;2021;13+;4,2;48;1;0;0;0;Shakun Batra;Documentary,Biography,Crime;India;Hindi,English;58
Gold Statue;2021;;5,8;47;1;0;0;0;Tade Ogidan;Adventure,Comedy,Drama;Nigeria;;145
Animals on the Loose: A You vs. Wild Movie;2021;;5,8;47;1;0;0;0;Ben Simms;Adventure,Reality-TV;United States;English;90
Octonauts: The Ring of Fire;2021;all;7,2;46;1;0;0;0;Blair Simmons,Qin Zhou;Animation;China,United Kingdom;Chinese;72
Sardar Ka Grandson;2021;;4,1;46;1;0;0;0;Kaashvi Nair;Comedy,Drama,Romance;India;Hindi;139
June & Kopi;2021;;6,3;46;1;0;0;0;Noviandra Santosa;Comedy,Drama,Family;Indonesia;Indonesian;90
Strain;2021;;5,5;46;1;0;0;0;Uduak-Obong Patrick;Drama;Nigeria;English,Yoruba,Ibo;106
Emicida: AmarElo ƒ?? Live in SÇœo Paulo;2021;;6,6;46;1;0;0;0;Fred Ouro Preto;Music;Brazil;Portuguese;99
Kambili: The Whole 30 Yards;2021;;6,4;46;1;0;0;0;Kayode Kasum;Romance;Nigeria;English;119
Therapy;2021;;;45;1;0;0;0;John Carney;Drama;Ireland;English,Irish;85
Madam Chief Minister;2021;;4,7;45;1;0;0;0;Subhash Kapoor;Drama;India;Hindi;130
Tersanjung the Movie;2021;;6,0;45;1;0;0;0;Pandu Adjisurya,Hanung Bramantyo,Nur Jihat Hisyam;Drama,Romance;Indonesia;Indonesian;114
Hostage House;2021;;5,0;45;1;0;0;0;David Benullo;Thriller;United States;English;85
The Last Kids on Earth: Happy Apocalypse to You;2021;18+;7,1;45;1;0;0;0;Steve Rolston;Animation,Short,Comedy,Family;United States;English;27
Geez & Ann;2021;16+;5,1;45;1;0;0;0;Rizki Balki;Drama,Romance;Indonesia;Indonesian;105
The Heartbreak Club;2021;16+;6,4;44;1;0;0;0;Bagus Bramanti,Charles Gozali;Comedy,Drama,Romance;Indonesia;Indonesian;101
Lee Su-geun: The Sense Coach;2021;;4,0;44;1;0;0;0;;Comedy;South Korea;Korean;45
Soy Rada: Serendipia;2021;;5,8;44;1;0;0;0;Pablo Faro;Comedy;Argentina;Spanish;68
Chris Rock Total Blackout: The Tamborine Extended Cut;2021;;7,1;44;1;0;0;0;Bo Burnham;Comedy;United States;English;98
Resort to Love;2021;;3,8;44;1;0;0;0;Steven K. Tsuchida;Comedy,Romance;United States;English;101
Gatao: The Last Stray;2021;;6,0;44;1;0;0;0;Jui-Chih Chiang;Action,Crime,Drama,Romance;Taiwan;Mandarin;121
Clash;2021;;7,2;44;1;0;0;0;Mohamed Diab;Drama,Thriller,War;Egypt,France,Germany;Arabic,English;97
One Lagos Night;2021;;6,9;44;1;0;0;0;Ekene Som Mekwunye;Comedy,Crime;Nigeria;English;104
Super Monsters: Once Upon a Rhyme;2021;;5,6;43;1;0;0;0;;Animation,Family;;English;25
Chhota Bheem - Neeli Pahaadi;2021;;7,4;43;1;0;0;0;Rajiv Chilaka;Animation;;;63
The Misadventures of Hedi and Cokeman;2021;;4,5;43;1;0;0;0;Julien Hollande;Action,Comedy,Crime;France;French,Arabic,Russian;99
Tuesdays And Fridays;2021;;4,5;43;1;0;0;0;Taranveer Singh;Comedy,Musical,Romance;India;Hindi;106
Mommy Issues;2021;;5,3;43;1;0;0;0;Jose Javier Reyes;Comedy;Philippines;Tagalog,Filipino;90
Loyiso Gola: Unlearning;2021;16+;5,9;43;1;0;0;0;Kagiso Lediga;Comedy;South Africa;;60
Just in Time;2021;;6,8;42;1;0;0;0;Norman Jewison;Comedy,Romance;United States,Italy;English,Italian;109
Sarbath;2021;;5,7;41;1;0;0;0;Prabhakaran;Comedy,Drama;India;Tamil;112
Alan SaldaÇña: Locked Up;2021;;4,1;41;1;0;0;0;Alex DÇðaz;Comedy;Mexico;Spanish;49
2 Weeks in Lagos;2021;;7,2;40;1;0;0;0;Kathryn Fasegha;Romance;Nigeria;English;107
Myriam Fares: The Journey;2021;;2,0;40;1;0;0;0;Myriam Fares;Documentary,Music;Lebanon;Arabic;71
Virgen de San Juan;2021;;5,9;40;1;0;0;0;Francisco PÇ¸rez;Drama,History;Mexico;Spanish;
What Happened to Mr. Cha?;2021;;4,3;39;1;0;0;0;Dong-kyu Kim;Comedy,Drama;South Korea;Korean;102
RebellComedy: Straight Outta the Zoo;2021;18+;4,7;36;1;0;0;0;Ladislaus Kiraly;Comedy;Germany;German;74
Sanitation Day;2021;;3,8;34;1;0;0;0;Seyi Babatope;Thriller;Nigeria;Yoruba;104
Trese After Dark;2021;13+;;24;1;0;0;0;Gio Puyat;Documentary,Short;United States;English;35
The Last Mercenary;2021;;5,9;23;1;0;0;0;David Charhon;Action,Comedy;France;French;110
The Circle: The Afterparty;2021;;;21;1;0;0;0;;Talk-Show;;;
The Upshaws - The Afterparty;2021;18+;;20;1;0;0;0;;Talk-Show;;;
D.O.D.: Day of Destiny;2021;;;16;1;0;0;0;Jun'ichi SatÇï;Animation,Action,Adventure,Comedy,Family,Fantasy,Romance;;Japanese;
Time To Dance;2021;;;15;1;0;0;0;Stanley D'Costa;Musical,Romance;India;Hindi;113
Ratones Paranoicos: The Band that Rocked Argentina;2021;;;12;1;0;0;0;;;;;
Nomadland;2021;18+;7,4;79;0;1;0;0;ChloÇ¸ Zhao;Drama;Germany,United States;English;107
Boss Level;2021;18+;6,9;75;0;1;0;0;Joe Carnahan;Action,Mystery,Sci-Fi,Thriller;United States;English;94
Barb & Star Go to Vista Del Mar;2021;13+;6,4;73;0;1;0;0;Josh Greenbaum;Comedy;United States,Mexico;English;107
Summer of Soul (...or, When the Revolution Could Not Be Televised);2021;13+;8,3;72;0;1;0;0;Questlove;Documentary,Music;United States;English;118
Quo vadis, Aida?;2021;;7,9;71;0;1;0;0;Jasmila Zbanic;Drama,History,War;Bosnia & Herzegovina,Austria,Romania,Netherlands,Germany,Poland,France,Turkey,Norway;Serbo-Croatian,Bosnian,English,Dutch,Serbian;101
Plan B;2021;18+;6,7;70;0;1;0;0;Natalie Morales;Comedy;United States;English;107
Willy's Wonderland;2021;18+;5,5;69;0;1;0;0;Kevin Lewis;Action,Comedy,Horror,Thriller;United States;English;88
Some Kind of Heaven;2021;13+;7,2;68;0;1;0;0;Lance Oppenheim;Documentary;United States;English;83
The United States vs. Billie Holiday;2021;18+;6,3;67;0;1;0;0;Lee Daniels;Biography,Drama,Music;United States;English,Italian,German;126
Silk Road;2021;18+;5,9;65;0;1;0;0;Tiller Russell;Crime,Drama,Thriller;United States;English;112
Shadow in the Cloud;2021;18+;4,8;65;0;1;0;0;Roseanne Liang;Action,Horror,War;New Zealand,United States;English;83
Fear of Rain;2021;13+;5,9;64;0;1;0;0;Castille Landon;Drama,Horror,Thriller;United States;English;109
Framing Britney Spears;2021;16+;6,9;64;0;1;0;0;Samantha Stark;Documentary;United States;English;74
Little Fish;2021;16+;6,9;63;0;1;0;0;Chad Hartigan;Drama,Romance,Sci-Fi;United States,Canada;English;101
The Trip to Greece;2021;13+;6,6;63;0;1;0;0;Michael Winterbottom;Comedy,Drama;United Kingdom;English,Greek,Turkish;103
MLK/FBI;2021;7+;6,9;62;0;1;0;0;Sam Pollard;Documentary;United States;English;104
kid 90;2021;13+;6,9;62;0;1;0;0;Soleil Moon Frye;Documentary,Biography,History;United States;English;71
The Outside Story;2021;;6,1;61;0;1;0;0;Casimir Nozkowski;Drama;United States;English;85
WeWork: or The Making and Breaking of a $47 Billion Unicorn;2021;13+;6,6;61;0;1;0;0;Jed Rothstein;Documentary;United States;English;104
Night of the Kings;2021;18+;6,5;59;0;1;0;0;Philippe LacÇïte;Drama,Fantasy;France,CÇïte dƒ??Ivoire,Canada,Senegal;French,Dyula;93
False Positive;2021;18+;4,6;59;0;1;0;0;John Lee;Horror,Mystery,Thriller;United States;English;92
Bad Hair;2021;;5,5;58;0;1;0;0;Justin Simien;Comedy,Horror,Music;United States;;102
A Glitch in the Matrix;2021;;5,2;58;0;1;0;0;Rodney Ascher;Documentary;United States;English;108
Buddy Games;2021;18+;4,8;57;0;1;0;0;Josh Duhamel;Comedy;United States,Canada;English;90
Dark Web: Cicada 3301;2021;18+;4,9;56;0;1;0;0;Alan Ritchson;Action,Comedy,Thriller;United States;English;104
The Ultimate Playlist of Noise;2021;18+;6,6;54;0;1;0;0;Bennett Lasseter;Comedy,Drama,Music;United States;English;99
69: The Saga of Danny Hernandez;2021;18+;5,3;53;0;1;0;0;Vikram Gandhi;Documentary,Music;United States;English;102
The Resort;2021;;3,3;52;0;1;0;0;Taylor Chien;Horror;United States;English;75
Dr. Bird's Advice for Sad Poets;2021;18+;6,1;51;0;1;0;0;Yaniv Raz;Comedy,Drama,Mystery;United States;English,French;109
Phobias;2021;18+;3,6;51;0;1;0;0;Camilla Belle,Maritte Lee Go,Joe Sill,Jess Varley,Chris von Hoffmann;Horror,Thriller;United States;English;85
Stars Fell on Alabama;2021;13+;5,5;51;0;1;0;0;V.W. Scheich;Comedy,Drama,Romance;United States;English;103
Olympic Dreams Featuring Jonas Brothers;2021;7+;8,5;48;0;1;0;0;;Sport;United States;English;60
Her Name Is Chef;2021;;;47;0;1;0;0;Peter Ferriero;Documentary;United States;English;98
Dreamcatcher;2021;;2,6;47;0;1;0;0;Jacob Johnston;Horror,Mystery,Thriller;United States;English;108
North Korea: Inside The Mind of a Dictator;2021;13+;6,7;44;0;1;0;0;Rob Coldstream;Documentary;United States;English;86
Safer at Home;2021;18+;4,5;44;0;1;0;0;Will Wernick;Thriller;United States;English;82
GameStopped;2021;;3,9;41;0;1;0;0;;Documentary;United States;English;
One Night in Miami...;2021;18+;7,1;86;0;0;1;0;Regina King;Drama;United States;English;114
The Tomorrow War;2021;13+;6,6;81;0;0;1;0;Chris McKay;Action,Adventure,Drama,Sci-Fi,Thriller;United States;English;138
Our Friend;2021;18+;7,3;74;0;0;1;0;Gabriela Cowperthwaite;Drama,Romance;United States;English;124
Coming 2 America;2021;13+;5,3;70;0;0;1;0;Craig Brewer;Comedy;United States;English;110
The Map of Tiny Perfect Things;2021;13+;6,8;69;0;0;1;0;Ian Samuels;Comedy,Fantasy,Romance;United States;English;98
Tom Clancy's Without Remorse;2021;18+;5,8;69;0;0;1;0;Stefano Sollima;Action,Thriller,War;United States;English;109
Jolt;2021;18+;5,5;67;0;0;1;0;Tanya Wexler;Action,Thriller;United States;English;91
Jathi Ratnalu;2021;;7,6;61;0;0;1;0;Anudeep K.V.;Comedy;India;Telugu;145
Parallel;2021;18+;5,8;59;0;0;1;0;Isaac Ezban;Drama,Sci-Fi,Thriller;Canada;English;104
My Heart Can't Beat Unless You Tell It To;2021;;6,2;59;0;0;1;0;Jonathan Cuartas;Drama,Horror;United States;English,Spanish;90
Mary J. Blige's My Life;2021;18+;6,5;57;0;0;1;0;Vanessa Roth;Documentary;United States;English;82
Chick Fight;2021;18+;4,6;57;0;0;1;0;Paul Leyden;Action,Comedy,Drama,Sport;United States;English;97
P!nk: All I Know So Far;2021;;7,9;57;0;0;1;0;Michael Gracey;Documentary,Biography,Music;United States;English;99
Luxor;2021;;5,3;55;0;0;1;0;Zeina Durra;Drama,Romance;Egypt,United Kingdom,United Arab Emirates;English,Arabic;85
Son of the South;2021;13+;5,7;54;0;0;1;0;Barry Alexander Brown;Biography,Drama;United States;English;105
Hoodman;2021;;5,9;54;0;0;1;0;Mark W. Curran;Crime,Horror,Thriller;United States;English;98
Butchers;2021;;4,6;54;0;0;1;0;Adrian Langley;Horror;Canada;English;92
Cold Case;2021;;6,1;53;0;0;1;0;;Crime,Drama,Mystery,Thriller;United States;English;44
American Mobster: Retribution;2021;;6,3;53;0;0;1;0;Gregory Hatanaka;Action;United States;;
One and the Same;2021;;6,5;53;0;0;1;0;Felipe Cisneros;Mystery;United States;English;110
The Pond;2021;;4,2;50;0;0;1;0;Petar Pasic;Drama,Horror,Mystery;Serbia;English;96
Introspectum Motel;2021;;3,7;50;0;0;1;0;Marcel Dorian;Thriller;United Kingdom,Romania;English;88
Stallone: Frank, That Is;2021;;6,5;50;0;0;1;0;Derek Wayne Johnson;Documentary;United States;English;73
Blood Born;2021;;4,0;50;0;0;1;0;Reed Shusterman;Horror;United States;English;92
Goodbye, Butterfly;2021;;4,8;49;0;0;1;0;Tyler Wayne;Thriller;United States;;98
Red Woods;2021;;3,2;48;0;0;1;0;Nicholas Danko;Adventure,Horror,Mystery;United States;English;95
The Lift;2021;;4,7;48;0;0;1;0;Dick Maas;Horror,Sci-Fi,Thriller;Netherlands;English,Dutch;95
The Alpha Test;2021;;3,2;48;0;0;1;0;Aaron Mirtes;Sci-Fi;United States;English;87
Journey to Royal: A WWII Rescue Mission;2021;;5,4;47;0;0;1;0;Christopher Johnson;Documentary,History,War;United States;English;90
My Brother's Keeper;2021;13+;5,3;46;0;0;1;0;Kevan Otto;Drama,Family;United States;English;97
These Streets We Haunt;2021;;4,8;46;0;0;1;0;Jason Cunningham;Drama,Fantasy;United States;English;107
Steps;2021;;;46;0;0;1;0;Rock Davis,Jay Rodriguez Jr.;Drama;United States;English;118
Expiry;2021;;4,4;46;0;0;1;0;Tom Gatley;Sci-Fi;United Kingdom;English;85
The Heiress;2021;18+;4,7;46;0;0;1;0;William Wyler;Drama,Romance;United States;English,French;115
Lazarus;2021;;3,1;46;0;0;1;0;David Gelb;Horror,Mystery,Sci-Fi,Thriller;United States;English;83
My Beautiful Bride;2021;;4,8;45;0;0;1;0;Chadney Cooles;Drama,Thriller;United States;English;85
Volcanic UFO Mysteries;2021;;6,0;45;0;0;1;0;Darcy Weir;Documentary;United States;English;62
Bottom Feeders;2021;;6,6;44;0;0;1;0;Stephen M. Miller;Comedy;United States;;98
Ape Canyon;2021;;5,8;44;0;0;1;0;Joshua Land;Comedy,Drama;United States;English;73
Hot Money;2021;;5,8;44;0;0;1;0;Susan Kucera;Documentary;United States;English;118
Travis Turner;2021;;3,6;44;0;0;1;0;Mike Klassen;Drama;Canada;English;72
Nightingale: A Melody of Life;2021;;6,2;43;0;0;1;0;Gowtham Namasivayam;Drama,Music;United States;English;98
The Believer;2021;;3,8;43;0;0;1;0;Henry Bean;Drama;United States;English,Hebrew;98
Kilroy;2021;;5,2;43;0;0;1;0;Chris Bollinger;Biography,Drama,History;United States;English;86
Gun and a Hotel Bible;2021;;6,6;42;0;0;1;0;Raja Gosnell,Alicia Joy LeBlanc,Raja Gosnell,Alicia Joy LeBlanc;Drama;United States;English;58
Axeman at Cutters Creek;2021;;3,8;42;0;0;1;0;Joston Theney;Horror;United States;English;77
Hampton's Legion;2021;;1,9;42;0;0;1;0;Christopher Forbes;Action,War;United States;English;80
The Bid;2021;18+;4,1;41;0;0;1;0;Maurquis Boone;Comedy;United States;English;90
Priorities Chapter One: Money Isn't Everything;2021;;;41;0;0;1;0;Felton Young;Drama;United States;English;146
All We Got;2021;;5,3;40;0;0;1;0;AndrÇ¸ L. Hopson;Drama;United States;English;101
Good Grief It's Friday;2021;;4,8;40;0;0;1;0;Michael Shaun Patterson;Drama,Musical;Canada;English;
The Healing Garden;2021;all;5,6;38;0;0;1;0;Joseph Granda;Family;United States;English;95
Ester Steinberg Burning Bush;2021;13+;;38;0;0;1;0;Brian Volk-Weiss;Comedy;United States;English;
Honesty Weekend;2021;;4,7;38;0;0;1;0;Leslie Anne Thomas;Comedy;United States;English;90
Virus Shark;2021;;1,9;38;0;0;1;0;Mark Polonia;Horror;United States;English;74
Magic Max;2021;13+;4,6;37;0;0;1;0;James D. Fields;Drama;United States;English;97
Voyage of the Chimera;2021;;3,8;37;0;0;1;0;Michael Gates;Sci-Fi;United States;English;84
Love You Right: An R&B Musical;2021;;6,6;35;0;0;1;0;Christina Faith;Drama,Musical,Romance;United States;English;
Fishbowl;2021;;;35;0;0;1;0;Alexa Kinigopoulos,Stephen Kinigopoulos;Drama,Thriller;United States;English;85
Mummy Dearest;2021;;2,4;34;0;0;1;0;White Cross;Horror,Mystery,Thriller;United States;English;94
Aperture Kids and the Mysterious Neighbor;2021;;4,9;33;0;0;1;0;Steve Landreth;Drama,Family,Mystery;United States;English;87
Luca;2021;7+;7,5;82;0;0;0;1;Enrico Casarosa;Animation,Adventure,Comedy,Family,Fantasy;United States;English,Italian;95
Raya and the Last Dragon;2021;7+;7,4;81;0;0;0;1;Don Hall,Carlos LÇüpez Estrada,Paul Briggs,John Ripa;Animation,Action,Adventure,Comedy,Family,Fantasy;United States;English;107
22 vs. Earth;2021;all;6,5;64;0;0;0;1;Kevin Nolting;Animation,Short,Adventure,Comedy,Family,Fantasy;United States;English;9
The Simpsons: The Good, the Bart, and the Loki;2021;7+;6,1;64;0;0;0;1;David Silverman;Animation,Short,Action,Comedy,Family;United States;English;4
Us Again;2021;all;7,9;64;0;0;0;1;Zach Parrish;Animation,Short,Drama,Family,Musical;United States;English;7
Flora & Ulysses;2021;7+;6,3;62;0;0;0;1;Lena Khan;Adventure,Comedy,Family;United States;English;95
Miraculous World: Shanghai ƒ?? The Legend of Ladydragon;2021;7+;7,6;62;0;0;0;1;Thomas Astruc;Animation,Action,Adventure,Family,Fantasy,Romance;United States,France;French,English;52
Maggie Simpson in The Force Awakens from Its Nap;2021;18+;6,2;61;0;0;0;1;David Silverman;Animation,Short,Comedy,Family,Sci-Fi;United States;English;3
Stuntman;2021;13+;7,1;56;0;0;0;1;Kurt Mattila;Documentary;United States;English;87
The Little Prince(ss);2021;;7,5;56;0;0;0;1;Moxie Peng;Short,Drama;United States;English;18
Wolfgang;2021;;7,0;54;0;0;0;1;David Gelb;Documentary,Biography;United States;English,German;78
Star Wars Biomes;2021;;6,7;54;0;0;0;1;;Short,Sci-Fi;United States;English;18
Shark Beach with Chris Hemsworth;2021;;6,8;53;0;0;0;1;Sally Aitken;Documentary;United States;English;45
Playing with Sharks: The Valerie Taylor Story;2021;13+;7,8;53;0;0;0;1;Sally Aitken;Documentary,Adventure;United States;English;95
Marvel's Behind the Mask;2021;13+;6,4;53;0;0;0;1;Mike Jacobs;Documentary;United States;English;64
American Eid;2021;all;7,4;52;0;0;0;1;Aqsa Altaf;Short,Drama;United States;Urdu,English;20
Let's Be Tigers;2021;7+;7,2;51;0;0;0;1;Stefanie Abel Horowitz;Short,Drama;United States;English;14
Growing Fangs;2021;;6,5;49;0;0;0;1;Ann Marie Pace;Short;United States;Spanish,English;18
Orca Vs Great White;2021;13+;5,6;49;0;0;0;1;;Documentary;;English;
The Last of the Chupacabras;2021;;6,4;48;0;0;0;1;Jessica Mendez Siqueiros;Short,Drama;United States;Spanish,English;13
Dinner Is Served;2021;;6,1;48;0;0;0;1;Willy Adkins;Short,Horror;United States;English;
Rogue Shark?;2021;13+;7,2;47;0;0;0;1;;Documentary;United States;English;
Own the Room;2021;7+;6,4;46;0;0;0;1;Cristina Costantini,Darren Foster;Documentary;United States;English;91
World's Biggest Bull Shark?;2021;13+;;45;0;0;0;1;;Documentary;United States;English;
Shark Gangs;2021;13+;6,8;45;0;0;0;1;;Documentary;;English;
My Music Story: Yoshiki;2021;16+;7,3;33;0;0;0;1;Aiji Okazaki,Kentaro Takayanagi;Documentary,Music;United States,Japan;Japanese;47
Disney My Music Story: Sukima Switch;2021;16+;;16;0;0;0;1;;Documentary,Music;United States;Japanese;81
Built for Mars: The Perseverance Rover;2021;;;14;0;0;0;1;Mark Davis;;United States;;
